title,original_title,plot,url_thumbnail
L’Attachement,L’Attachement,"Sandra, quinquagénaire farouchement indépendante, partage soudainement et malgré elle l’intimité de son voisin de palier et de ses deux enfants. Contre toute attente, elle s’attach",https://fr.web.img3.acsta.net/c_310_420/img/83/a4/83a423a22c4438f3ecae29e227b2f6a9.jpg
Dis-moi juste que tu m'aimes,Dis-moi juste que tu m'aimes,"Au bout de quinze ans de mariage, une crise met à l’épreuve l’union de Julien et Marie. Dans le couple, cette dernière a toujours été celle qui aimait le plus, aussi, au moment où ",https://fr.web.img5.acsta.net/c_310_420/img/42/cd/42cdd3681d50bd26b297b68445a68dfc.jpg
Mercato,Mercato,Policemen with different backgrounds must work together as a team in Marseille.,https://m.media-amazon.com/images/M/MV5BMjdjMTVlN2EtNjgxYi00YWE1LTkyNjgtOTEzYWM4NzIwNmQ3XkEyXkFqcGdeQXVyNDE5NDExOTc@._V1_SX300.jpg
The Monkey,The Monkey,"When twin brothers Bill and Hal find their father's old monkey toy in the attic, a series of gruesome deaths start. The siblings decide to throw the toy away and move on with their lives, growing apart over the years.",https://m.media-amazon.com/images/M/MV5BNzZhMTc5MWUtOTE2MS00MjUwLTljYWEtYTk1ZmVjNzhmMzYzXkEyXkFqcGc@._V1_SX300.jpg
La Fabrique du mensonge,Führer und Verführer,"A l’aube de la Seconde Guerre mondiale, Joseph Goebbels est devenu l’éminence grise d'Hitler. Convaincu que la domination du Reich passe par des méthodes de manipulation radicaleme",https://fr.web.img2.acsta.net/c_310_420/img/e4/0f/e40f69d322e69177488af33002db9a83.png
Avec ou sans enfants ?,Avec ou sans enfants ?,A couple's dream wedding takes an unexpected turn into chaos.,https://m.media-amazon.com/images/M/MV5BMGUyOGM4ODQtNGFjNS00ZGZhLWE3MDEtNGU0ZGQ5OWM3ZmJmXkEyXkFqcGc@._V1_SX300.jpg
Young Hearts,Young Hearts,Elias develops feelings for his new neighbor Alexander. He soon realizes he's falling in love for the first time.,https://m.media-amazon.com/images/M/MV5BNTI0MjVmMWUtYTRhZC00NTI0LWE1N2EtZWM3NDBmYmJlOGE4XkEyXkFqcGc@._V1_SX300.jpg
When the Light Breaks,Ljosbrot,"Le jour se lève sur une longue journée d’été en Islande. D’un coucher de soleil à l’autre, Una une jeune étudiante en art, rencontre l’amour, l’amitié, le chagrin et la beauté.",https://fr.web.img3.acsta.net/c_310_420/img/a5/24/a52455d6bcecae5b68caf31d51c07127.jpg
September & July,September Says,"When September is suspended from their school, her sister July begins to assert her own independence. Tension in the family builds on holiday Ireland as a series of surreal encounters test the them all to their limit.",https://m.media-amazon.com/images/M/MV5BZGRiMTA5ODEtZjgyZS00YTRjLWExNjYtZGRkYmQ2ZjZhYTU4XkEyXkFqcGc@._V1_SX300.jpg
Quatre nuits d'un rêveur,Quatre nuits d'un rêveur,"Une nuit, à Paris, Jacques sauve Marthe d’un saut tragique du Pont-Neuf. Alors qu’ils se livrent l’un à l’autre, ils décident de se revoir. Durant quatre soirées, Jacques réalise q",https://fr.web.img3.acsta.net/c_310_420/img/c5/7b/c57bc7bf87e45648d421d860f1df445f.jpg
